Date,Open,High,Low,Close,Volume,SMA20,SMA50,EMA20,EMA50,RSI,MACD,Upper,Lower
2024-03-26,381.40345899587635,387.689867756058,378.8537408439387,383.2937927246094,9389403,,,383.2937927246094,383.2937927246094,,,,
2024-03-27,386.6787728678189,386.6787728678189,374.5895657861776,377.57891845703125,17985246,,,380.2934837341309,380.3792068481445,,,,
2024-03-28,378.0625099255943,385.4918885858086,378.0625099255943,381.66729736328125,10332853,,,380.7979398627365,380.825857085429,,,,
2024-04-01,383.9531734597498,390.19557804300194,382.2826436153759,388.6569519042969,7256592,,,383.0667151282256,382.90263149330116,,,,
2024-04-02,388.65697212563356,394.1520657640545,383.3816822327494,389.6680908203125,11530800,,,384.6635317316537,384.3660908295473,,,,
2024-04-03,389.66809336009504,393.00909958142626,387.6458827890686,391.6902770996094,6972648,,,386.1458540408136,385.71204491871526,,,,
2024-04-04,395.64674249929476,398.72399494095595,389.09658014086835,394.6356506347656,14743020,,,387.75106443889507,387.14481146955046,,,,
2024-04-05,394.5477558092644,394.63568268104007,390.3714842993056,392.9651794433594,4820138,,,388.65235041724975,387.97819871082277,,,,
2024-04-08,394.76755877720416,396.0424313365959,390.8550410589447,393.3608093261719,3980972,,,389.40761024948245,388.6763226200029,,,,
2024-04-09,394.5038064157405,395.9105290403286,384.43678329050744,386.7227478027344,8005012,,,389.00329322889,388.44396858177976,,,,
2024-04-10,389.0966134555455,403.20803124515527,388.70098277807926,401.22979736328125,15825331,,,390.74792764355726,389.85240431269796,,,,
2024-04-12,400.04277819541846,407.47215480879424,397.88869096483944,400.5703125,11259294,,,392.08601300751593,390.9548391177442,,,,
2024-04-15,394.7236207956386,400.7462226268557,387.8217770531361,396.5260009765625,7680715,,,392.6670477277797,391.493595699341,,,,
2024-04-16,394.7675522196016,401.2737381370963,392.4376377342742,398.46026611328125,4996845,,,393.39909187696503,392.13067909128904,63.80824957057498,,,
2024-04-18,399.9989210512143,401.6254475233344,382.59044594734087,385.6237487792969,10945138,,,392.44623873117087,391.5651749144357,45.753408962860064,,,
2024-04-19,383.3377512897936,385.6237157234207,376.34798110133084,382.7222900390625,7628287,,,391.2862665560611,390.83164153277147,42.80514304887746,,,
2024-04-22,387.645896335613,390.81107576888513,385.0961781479678,389.44830322265625,6396926,,,391.07216506856497,390.72169954173665,50.73094827887613,,,
2024-04-23,391.91007095622206,391.91007095622206,386.19517367923845,387.6898498535156,5390120,,,390.6863628655992,390.49006629697686,48.82594849171144,,,
2024-04-24,388.2173828531135,394.5037917356899,387.86570221005303,390.2395935058594,6538090,,,390.6363440044903,390.4716162341265,51.66043895442459,,,
2024-04-25,389.49224970224367,399.16361481900367,388.3932309389755,397.80084228515625,10858594,390.5275360107422,,391.4252684150366,390.99351695556646,58.926067270408915,,403.2624130731633,377.7926589483211
2024-04-26,399.1636394362108,404.83458733701826,397.5810630521092,400.7462158203125,7209435,391.40015716552733,,392.4366055627324,391.66645962114006,61.36227099626399,,404.42129759561385,378.3790167354408
2024-04-29,403.29594406080355,403.29594406080355,396.1303201176666,398.50421142578125,5305655,392.44642181396483,,393.0863325252873,392.1246226397654,58.5170843781443,,404.1536678069742,380.73917582095544
2024-04-30,401.27372505068865,403.03215507004444,397.44913439228725,399.4273681640625,6021793,393.3344253540039,,393.75739122861546,392.60071235694215,59.35280964446076,,404.30776692329215,382.3610837847156
2024-05-02,402.284812981147,404.0432429831741,395.119216089189,399.07568359375,14980896,393.85536193847656,,394.3143173657255,393.0121486647184,58.8662643357299,,404.8801242105915,382.83059966636165
2024-05-03,402.5925207271592,418.3304629849517,395.1191936430919,417.2754211425781,51071947,395.23572845458983,,396.69619833699113,394.5172840817101,71.76539041923996,,410.0720663795208,380.3993905296589
2024-05-06,421.14398114986335,423.29806861277547,390.41540644818184,404.9664306640625,36408390,395.8995361328125,,397.54688618659566,395.1510206142267,58.4216409323801,4.765504649468824,411.2219911751305,380.5770810904945
2024-05-07,407.07656338340354,412.7914611414859,398.15253609670077,400.92205810546875,13728379,396.21385650634767,,397.8914345619461,395.4936870326375,54.81521238646319,4.516863469318139,411.6769772592134,380.75073575348193
2024-05-08,401.5374937884337,414.4619379499178,400.13074444821115,408.3514099121094,16978094,396.98316802978513,,398.9519629601413,396.242051046315,59.732672442856455,4.863239743298834,413.23413730982986,380.7321987497404
2024-05-09,409.14273947156465,411.2089002588354,388.0415777255106,389.931884765625,15601338,396.8117218017578,,398.04301558295936,395.8816212694903,46.28370597651629,3.60983180104796,413.2827949277959,380.3406486757197
2024-05-10,393.18497519565256,396.6578584921582,387.07441995719256,395.1192321777344,9190621,397.23154602050784,,397.7500085377876,395.83884035673464,49.71728667057812,3.000484838700004,413.06842277634547,381.3946692646702
2024-05-13,396.7457687102996,397.22932622764625,382.19477119436067,390.3714599609375,11107909,396.6886291503906,,397.01422898965217,395.5371405595983,46.770539860594596,2.110143026532512,412.6837091394718,380.6935491613095
2024-05-14,392.7453845481029,396.21826799379045,391.3386350624698,394.5038146972656,6592194,396.3853042602539,,396.7650103057436,395.48101588828354,49.572092305710704,1.718181095378668,412.3043415934216,380.4662669270862
2024-05-15,395.6467361912119,413.231035577488,395.207128706555,411.3407287597656,23543942,397.12604064941405,,398.2061827791105,396.3296167586958,59.03295813958049,2.7346236546412115,414.32923725065086,379.92284404817724
2024-05-16,412.0440892475763,417.6271096587909,402.5485783289916,411.7363586425781,17232651,397.7898452758789,,399.539129703397,397.1423656431602,59.22653295418205,3.5313782013574837,416.1344268690069,379.4452636827509
2024-05-17,412.39579793356916,416.4841692768263,410.4175641216112,413.45086669921875,10625019,399.181201171875,,400.90518810410407,397.9911941610841,60.10627225165329,4.2521423413218145,417.84214773203826,380.5202546117117
2024-05-21,412.967273179861,434.2442588932253,412.967273179861,431.3868103027344,27356982,401.6144271850586,,403.88949755803395,399.7073539885154,67.90730240867745,6.199173651929641,423.4732851597724,379.75556921034485
2024-05-22,434.771844247093,446.0697630584416,432.2221259565372,441.1022033691406,28346931,404.19712219238284,,407.52312385111605,401.8090010806719,71.19326221187991,8.428996790587178,431.27815609240963,377.11608829235604
2024-05-23,442.596828967244,442.94850960359025,432.66171012501974,437.2336120605469,14378840,406.6743103027344,,410.4172325995679,403.58699000180377,68.19885893000085,9.771346703202084,436.2144605715818,377.134160033887
2024-05-24,436.04672994676554,444.3552963593473,430.0680512999056,440.48675537109375,12190536,409.1866683959961,,413.3399661350003,405.4189125500428,69.36570693107728,10.971200981981553,441.15554404423307,377.2177927477591
2024-05-27,442.20123342309284,442.2451834443084,431.47479875804044,434.7279052734375,8811105,411.0330215454102,,415.4147877520022,406.85896419305607,64.83078197315614,11.326834372300823,444.393424411738,377.67261867908235
2024-05-28,436.09065745308857,436.2665111927315,425.62800390065786,428.74920654296875,8165238,412.433171081543,,416.7060591191984,407.9239448912383,60.414829208317784,10.999450555763701,446.2958905865964,378.5704515764896
2024-05-29,423.8695621678923,432.4858585430565,423.8695621678923,427.69415283203125,8014727,413.89266815185545,,417.76841919332037,408.87679357718997,59.64276483931289,10.533439570928863,447.74439742621155,380.04093887749934
2024-05-30,427.29846558893803,429.01294547359674,421.58356841542343,423.9134826660156,7725080,415.1169738769531,,418.36168424897943,409.5950543490386,56.83965389515898,9.746700130012357,448.55614612729966,381.6778016266066
2024-05-31,425.89174421411184,433.54092551102246,421.14398854050063,431.87042236328125,11223848,416.7567108154297,,419.6641630975985,410.6500647066828,60.994633031445126,9.653976952665744,450.1047887259411,383.4086329049183
2024-06-03,452.795731041218,463.69801865188674,444.4871384477595,450.4657897949219,24416215,418.4162292480469,,422.630480639159,412.52058667684184,68.60192848545509,10.954704891426331,454.8618721105508,381.97058638554296
2024-06-04,450.4657986638084,450.5098023456818,361.1815231973274,388.5251159667969,48046493,417.5941635131836,,419.3494971333038,411.40197664992587,40.36311535249568,6.907817416799446,455.9099308892912,379.278396137076
2024-06-05,397.4051773664062,406.9446654194907,373.7542993894424,404.9224548339844,18966089,417.7941833496094,,417.9629312752978,411.102136600269,46.62661415562189,4.966507340137412,455.8002436335305,379.7881230656883
2024-06-06,413.23107293981667,425.89176427635084,408.5272670623905,415.82476806640625,21757857,418.16785125732423,,417.75761372795756,411.31914456755584,50.359687512278626,4.258639733485609,455.94144828960555,380.3942542250429
2024-06-07,415.86871180406433,423.1661858663294,411.1209559785236,421.27587890625,8317343,419.7350509643555,,418.09519013375046,411.7736021898889,52.16134316353489,4.090357547595147,455.224460363492,384.24564156521893
2024-06-10,426.41926570760853,429.0569106501298,418.0667233896244,420.0010070800781,10958537,420.97913970947263,404.8890686035156,418.2779226242489,412.14672931696845,51.688844807351416,3.8101995919168417,454.6263326369749,387.3319467819704
2024-06-11,423.781646491068,425.10046904238874,417.8029949910193,418.8140869140625,11169021,422.4012710571289,405.5994744873047,418.32929778089766,412.4472615032673,51.223621479140235,3.4525984499578044,453.021774652338,391.78076746191977
2024-06-12,422.90239733148854,434.59594561033686,421.45169800840006,429.67236328125,15412796,424.1596984863281,406.64134338378904,419.41555619804774,413.2191627273466,55.196461177173404,3.999268052358559,452.0911702428506,396.22822672980567
2024-06-13,434.2442841530078,434.2442841530078,425.1004534978468,428.968994140625,7438571,425.0411117553711,407.5873773193359,420.32995157641733,413.92102503489804,54.88460872420754,4.325885523906322,452.4056915082198,397.67653200252244
2024-06-14,428.9689967029641,432.92546423588414,426.63908229988033,428.1337585449219,5974636,425.8609817504883,408.3769134521484,421.07652809850646,414.55102051147077,54.49090248402721,4.46585608202696,452.55631991221514,399.16564358876144
2024-06-18,432.5738590306886,433.36514730895345,426.59520667100145,429.98016357421875,6946544,426.6874465942383,409.18315490722654,421.92795704188603,415.2314573818026,55.25503479458666,4.671918247199017,452.81215221323754,400.562740975239
2024-06-19,430.28785221995366,431.8704554534258,418.94598312188657,420.2208557128906,8962510,426.12914886474607,409.7537664794922,421.76477535291565,415.4504239522453,50.43470702494686,4.001601444681398,452.3054743122329,399.95282341725925
2024-06-20,422.9463981161592,428.5294191693754,414.5938549625093,424.7927551269531,7864157,425.31367645263674,410.3569085693359,422.0541179146398,415.858518853302,52.52419272692029,3.7955320917545805,450.57350128020175,400.05385162507173
2024-06-21,424.79273438955926,432.04625835310236,421.1439973984432,422.1990661621094,10340882,424.5619491577148,410.94158630371095,422.0679642276779,416.1342571782918,51.20537970200939,3.383923854040745,449.2463888128615,399.87750950256816
2024-06-24,422.02320521276556,422.06715523070346,414.9894851258861,416.4841613769531,11124175,423.3618194580078,411.40405334472655,421.5347198618217,416.14940911014537,48.32611550304574,2.566985692297692,447.1502737248065,399.5733651912091
2024-06-25,418.41839894123837,420.2208057290095,409.0987148910531,412.5716247558594,7951999,422.2540054321289,411.92103088378906,420.6789811875983,415.9951106834903,46.40240159634503,1.5855698443228903,445.88512110044104,398.6228897638168
2024-06-26,413.4508721191406,414.8576215479433,408.8789431834102,412.1320495605469,6655899,421.4231475830078,412.1390759277344,419.8631672281123,415.82915824035393,46.17998263525832,0.7635192943538982,445.2500567259614,397.5962384400542
2024-06-27,412.13206649715437,412.3518702659528,405.75775720199834,410.63739013671875,14857335,420.5703094482422,412.3404174804688,418.98274425505537,415.606957868779,45.38341569348274,-0.00847056970894755,444.65793446901796,396.48268442746644
2024-06-28,413.2310882117653,418.5063786995751,411.4726580491621,416.0006103515625,8302706,420.1746658325195,412.72990966796874,418.6982117539272,415.6237454927951,48.79642053131305,-0.1853741717683306,444.2895701904656,396.0597614745734
2024-07-01,416.17644822496436,418.77011651695716,414.3300912583591,417.4512939453125,8579861,419.4537094116211,413.1097302246094,418.57926108643704,415.70141633417524,49.71181872330035,-0.20613728645275842,442.98187776938715,395.92554105385506
2024-07-02,420.2647612300514,426.4192661016212,416.17641693166814,421.2319030761719,14629287,417.9920150756836,413.8218933105469,418.8322719854537,415.93569267686723,52.11445444971987,0.08153151204192,436.7885858678841,399.1954442834831
2024-07-03,423.6937137770883,428.7492001540845,421.4956762218725,426.3753356933594,7244652,419.88452606201173,414.6949542236328,419.55163222439074,416.3765386996941,55.24715315528174,0.7162862323243644,433.2778477750821,406.4912043489414
2024-07-04,429.7163469588458,433.2771571064109,426.6830443653544,430.4197082519531,7796954,421.15938873291014,415.51438232421873,420.58795559390506,416.96777368017683,57.596251617517986,1.528066388418324,433.41929349843497,408.8994839673853
2024-07-05,430.37575573693215,433.71676210708546,428.08979130032094,432.1341857910156,5754517,421.9748596191406,416.40326904296876,421.6888157370339,417.6044613731149,58.58860363416324,2.283430059261434,434.8606227846191,409.0890964536621
2024-07-08,433.189258801238,436.09065768630353,428.3535761051197,433.7167663574219,7477292,422.5969039916992,417.2728125,422.83548380357286,418.27899306231524,59.530086659253676,2.9754629512961515,436.45229628184296,408.74151170155545
2024-07-09,436.92592088633165,436.92592088633165,431.78250758281337,434.1563720703125,6444684,423.30467224121094,417.99992309570314,423.91464197112754,418.94193379251044,59.80346457262948,3.5188138158696347,437.9792991949243,408.6300452874976
2024-07-10,434.15638769195965,435.12352962826463,422.5067880987529,431.47479248046875,5981477,423.9377075195313,418.61449462890624,424.63524736764003,419.4639033153644,57.26241657139187,3.690500436891284,438.87286212887375,409.0025529101888
2024-07-11,432.5738186087109,444.88282970733275,429.54051585537314,439.6514892578125,20146927,424.43666381835936,419.43744018554685,426.066427740475,420.3026374114801,62.49533219691598,4.435227869367168,440.7115016244632,408.1618260122555
2024-07-12,443.12437653302857,447.168771050228,435.65104875419775,436.2665100097656,8198389,424.8015396118164,420.1742230224609,427.0385168422882,420.9643461266378,59.26042847840279,4.698133036056845,441.7785374850808,407.824541738552
2024-07-15,439.60750623901305,442.77268565023655,433.05734366344666,437.6292724609375,7106020,425.2763153076172,420.9452947998047,428.04777334710667,421.6535735733991,60.15464020844142,4.959283284855303,443.10904416075647,407.44358645447795
2024-07-16,437.84907386045774,455.7850814838071,437.84907386045774,450.5537414550781,23169665,426.3049942016602,421.61086120605466,430.1923776269353,422.8462706267595,67.45144670191326,6.138383903419594,447.212837565011,405.39715083830936
2024-07-18,453.1034700326301,453.49912755125337,440.70655886929916,444.2234191894531,12540956,427.50512237548827,422.3960009765625,431.52933214991486,423.72668776357466,61.50992025532913,6.48724461867323,449.6000839312474,405.41016081972913
2024-07-19,444.26732388338394,445.23446573905426,427.95789654528505,429.0569152832031,9971704,427.7183303833008,422.95869812011716,431.29375788578915,423.9457815458195,50.11911334756546,5.4767762678043255,449.7867630544171,405.64989771218444
2024-07-22,429.0569236070236,436.09064366615513,425.1444060915266,431.87042236328125,7281653,428.2018981933594,423.4290783691406,431.34870067812903,424.27090220939675,51.898677139345736,4.847124691399927,450.18907371240397,406.2147226743148
2024-07-23,434.3322397972279,435.9148161731951,408.439345538249,428.177734375,11311831,428.78657684326174,424.1939953613281,431.04659261878595,424.43089632271705,49.407243601246705,4.003996640264063,450.1081043769301,407.4650493095934
2024-07-24,427.9139668083043,439.07998161583015,426.50721739079734,434.1563720703125,6823248,429.8658142089844,424.9747381591797,431.34286081590324,424.828487297899,53.3148937580616,3.7747250016467433,449.9439249049495,409.78770351301927
2024-07-25,431.6945996612672,442.7287380646062,425.5400941671147,434.3322448730469,10281157,430.9758239746094,425.85395385742186,431.6276499216731,425.2163680311062,53.42884667831793,3.566109155066215,449.39577406288157,412.5558738863372
2024-07-26,438.0688919578386,449.89434493195523,438.0688919578386,448.2677917480469,20437968,432.85734405517576,426.9292333984375,433.21285774728176,426.1556744367826,61.45680081004256,4.473691827630546,450.2414213013228,415.4732668090287
2024-07-29,452.35614244364183,453.411211234425,446.20163710427255,450.2900085449219,7259754,434.5718139648437,427.7082189941406,434.8396545568854,427.13760268357987,62.46786683744974,5.295095069673721,451.7298493251897,417.41377860449774
2024-07-30,450.2899950638463,462.1153941814613,448.35571128249165,456.62030029296875,13197520,436.53026428222654,428.60589782714845,436.9144650675645,428.33537313092233,65.51726516104426,6.383282192831814,454.35330486369645,418.70722370075663
2024-07-31,460.22511741847944,461.93959745672515,448.83927206636497,459.1260986328125,11972565,438.4249740600586,429.5194024658203,439.0302861999508,429.584521840585,66.67160165650245,7.362999240161685,457.3619075468065,419.48804057331074
2024-08-01,470.3800251504589,476.7543339024978,464.22552014849026,475.1278076171875,34763894,440.86259765625,430.3942224121094,442.4687739006753,431.42967000592796,72.90850051592366,9.32316460374443,464.846347487448,416.878847825052
2024-08-02,469.500827727486,472.31432656632353,459.2140011064694,461.1482849121094,10985150,442.39902648925784,430.79514404296873,444.2480692103619,432.6321334822503,61.99377111984192,9.637484207243233,467.42439033069536,417.3736626478203
2024-08-05,452.79578687602,452.79578687602,437.45347229683773,445.5862121582031,11835031,443.0716278076172,430.9621960449219,444.37553046791044,433.15562432857416,52.56065176595357,8.53249821585814,467.6768610893421,418.46639452589227
2024-08-06,446.7291565189001,454.73001855807934,437.8490794607234,439.2558288574219,7142269,443.3485809326172,430.9375775146484,443.887873819574,433.40184699508194,49.27599548702703,7.064544161965841,467.6491996590922,419.04796220614224
2024-08-07,446.3774589658351,468.44573364136625,446.3774589658351,467.3027648925781,18293730,445.00590057373046,431.5890747070313,446.1181366222406,434.7686222167883,60.926641977473224,8.071292502467657,471.03270371975873,418.9790974277022
2024-08-08,469.5008362090225,470.38005125810304,458.2908443332453,460.2251281738281,13624148,446.44341735839845,432.2185931396484,447.4618085341505,435.7938172793424,57.34703777942947,8.20347710504069,472.497888461833,420.3889462549639
2024-08-09,465.9839592048287,467.17087801306457,458.81833534807237,465.80810546875,6468264,447.7512481689453,432.98087219238283,449.2092501188538,437.0012892809602,59.37466004797116,8.658919331665288,474.91309549973585,420.5894008381548
2024-08-12,465.1047899462245,466.4236126020267,460.0932531215701,460.6647644042969,5238736,448.9711608886719,433.7158978271484,450.3003504611318,437.95230412967345,56.70049122331838,8.506775129928542,476.1517631712064,421.7905586061373
2024-08-13,461.5879177647341,465.8960931290835,457.19184235745087,458.73046875,5201294,450.026220703125,434.2530987548828,451.1032847725372,438.7865487110643,55.684742887378775,8.136327738710236,477.0012770878302,423.05116431841975
2024-08-14,459.74149873484305,464.1375732927856,438.7721908956452,443.7397766113281,14766889,449.6855224609375,434.11857849121094,450.4019461990938,438.9852354665349,48.44197377519175,6.557530805882038,476.79709906622213,422.5739458556528
2024-08-16,450.84396658420553,457.99245651974746,446.22629064696673,454.9288024902344,7313429,450.2207916259766,435.4466522216797,450.83310433844395,439.6242000066153,53.32214021119096,6.138423811175812,477.30257547363885,423.1390077783143
2024-08-19,456.26082790465273,464.8301705147471,455.6836522790921,463.54254150390625,10737456,451.94507293701173,436.61905395507813,452.0436005109408,440.58194211613977,56.71858033082776,6.427245958166964,477.7799776940404,426.1101681799831
2024-08-20,465.62931524269595,469.27019887622055,462.69888494252814,465.851318359375,8191127,453.6441177368164,437.6195849609375,453.35869358841677,441.59294700689264,57.60893349131482,6.7644620793721515,478.4226105096969,428.8656249639359
2024-08-21,467.5385984851308,475.30870814656464,465.6737938463802,472.60028076171875,9067794,455.86524505615233,438.64607299804686,455.1913168948435,442.8325388846774,60.18717465361345,7.489953624328166,479.0255551758381,432.70493493646654
2024-08-22,474.19865204454226,475.48628094720584,467.80495151405825,469.6253662109375,8531700,457.6386947631836,439.63856018066406,456.5660501523538,443.9028306177034,58.49823501631446,7.735687963199155,479.2588849326143,436.0185045937529
2024-08-23,469.7142322727444,480.54799583318623,469.6253985009478,478.5055236816406,12566904,459.8473587036133,440.83238891601565,458.65560893943956,445.2840925999478,61.93222134160974,8.548447508829952,480.4960057750674,439.1987116321592
2024-08-26,481.3027785119036,482.67918705695047,474.8202980545995,477.8395080566406,7193307,461.325944519043,441.7957318115234,460.4827142890063,446.5827201151897,61.521067557267244,9.034677273824627,482.6695144013225,439.9823746367635
2024-08-27,478.7275149198509,481.0363799294699,470.64662288613806,471.8898620605469,7865530,462.4059371948242,442.6541491699219,461.5691455421526,447.59153577273264,57.82776062947098,8.8380515997153,483.59186018157516,441.2200142080733
2024-08-28,474.10987187453645,475.57505990675173,466.60615578235127,467.40533447265625,6066259,462.94518890380857,443.43958068847655,462.12498982887735,448.38086007835363,55.140720032871805,8.225541516410829,484.0635278284084,441.82684997920876
2024-08-29,467.40538240445045,470.6466498807931,458.3032537982653,468.47100830078125,9147836,463.41243438720704,444.2093975830078,462.7293890382875,449.1806963176484,55.66788745485272,7.736927351775876,484.5855496863129,442.2393190881012
2024-08-30,470.64662267298746,476.8627101422533,463.5425227081122,466.16217041015625,30921282,462.96415252685546,445.12822387695314,463.05632867179725,449.8563657443043,54.182269026453696,7.081759073658475,483.4960594188025,442.43224563490844
2024-09-02,467.98256909212824,469.75859402226916,459.67967422371134,462.5212707519531,6370038,463.03280181884764,445.88279418945314,463.0053696360147,450.35999629503874,51.83312376499257,6.1973046485684335,483.54913929737603,442.51646434031926
2024-09-03,462.6544940131275,464.9633047408787,460.21245973570694,461.4112548828125,5526155,463.8240539550781,446.6670379638672,462.85354611399487,450.7992172071432,51.10563443285772,5.3451831960613845,482.7466586514798,444.90144925867645
2024-09-04,458.9692464913269,458.9692464913269,444.4946533433336,447.24749755859375,16783593,464.22363739013673,447.2823046875,461.3672285890307,450.658132293955,42.84276785777641,3.4867805256858446,481.3017874162178,447.14548736405567
2024-09-05,450.66629329197843,450.66629329197843,439.69933472487554,441.3421630859375,10830621,462.9256072998047,447.85771545410154,459.46004793142515,450.2882618063806,39.94306155523777,1.5199508342602144,482.6167181847496,443.23449641485985
2024-09-06,443.11824254725803,443.11824254725803,427.1784071507019,433.8385009765625,13110103,461.6062759399414,448.2918444824219,457.0198640655878,449.63547750112144,36.55724514876451,-0.6369167085933327,485.02700906861764,438.1855428112651
2024-09-09,433.3500651171838,433.79407133144326,424.5143306134261,430.1976318359375,10189742,459.8257522583008,448.68304931640625,454.46533115181114,448.8644761864594,35.00668189551767,-2.6099515900401684,486.83721635363827,432.8142881629633
2024-09-10,432.7284418144156,436.90211103215717,427.84437350003174,436.1029052734375,9809547,458.5976593017578,449.08509521484376,452.7165072522439,448.3585163365164,39.48964680736919,-3.654957657811508,487.51132819505614,429.68399040845947
2024-09-11,437.656936895409,438.2785293440141,427.9776067100868,429.7536315917969,8134497,457.14881744384763,449.3311419677734,450.5295424608666,447.62120389668274,36.5690037842351,-4.938537433001784,488.67651538059926,425.621119507096
2024-09-12,432.4620692020341,441.56419694191266,428.24401000550506,440.14337158203125,12058489,456.9689971923828,449.7093713378906,449.5403734048867,447.32497980079967,43.883003850411136,-5.059100306844414,488.83971978353065,425.09827460123495
2024-09-13,441.34216725662134,442.09698322424094,434.6820741893685,435.34808349609375,8093877,455.9899612426758,449.8888262939453,448.1887144768478,446.8507201701172,41.504295580249575,-5.478434937857514,489.2250212824376,422.754901202914
2024-09-16,437.34613665094,439.477361135434,432.77287790088246,438.01214599609375,5244657,454.7134414672852,450.0406750488281,447.2195095183804,446.50086513400754,43.34177379139238,-5.532023353177124,488.64400702971426,420.7828759048561
2024-09-17,438.01215719420196,439.3885657027127,433.039281869921,433.7940979003906,5063902,453.11058044433594,450.0738732910156,445.9408893866504,445.9980809465279,41.13835549698907,-5.847448046851923,487.80524793477355,418.4159129538983
2024-09-18,434.94849017430175,438.32295376760356,431.70725012941153,432.5508728027344,6527832,451.10811004638674,450.05055541992186,444.66564113811614,445.46618634057626,40.48506249120906,-6.127112722941831,485.69497219753777,416.5212478952357
2024-09-19,434.2380945053292,436.54693232964996,422.91593559951536,424.4255676269531,10014450,448.8481201171875,449.8559393310547,442.7380033636423,444.63422156002315,36.414874274757814,-6.92457107039138,484.1982923142596,413.49794792011534
2024-09-20,427.0896019933483,442.2302035437562,426.5123722163618,435.9697265625,12982128,446.7213302612305,449.94583801269533,442.0934020253951,444.2917310993652,44.89188163800319,-6.549546315610144,479.71830013529564,413.72436038716535
2024-09-23,438.2341382512111,446.2262501950022,435.5701009366141,444.5390319824219,6123879,445.05630645751955,450.0435888671875,442.32632032397527,444.3015033649479,50.19937905855261,-5.497493482034372,474.80517351319844,415.30743940184067
2024-09-24,448.4463266408479,449.9115418920523,445.3826725792454,447.82470703125,7306001,443.85304870605466,450.2747528076172,442.849978560074,444.4406834418317,52.10412050929741,-4.348480933519625,470.9957943541609,416.7103030579484
2024-09-25,449.7783027744846,450.2223089963745,445.78224677747534,448.7126770019531,5059851,442.91841583251954,450.4964208984375,443.4083330685906,444.60939498050396,52.63141116439781,-3.3278668772367155,467.9586964090855,417.87813525595357
2024-09-26,449.3343578355563,450.6219868946474,444.0506722344494,449.82275390625,6877039,441.98600311279296,450.48180114746094,444.0192325442084,444.81522638516674,53.32322969707808,-2.401762927643915,464.40218159867624,419.5698246269097
2024-09-27,449.8227142491795,459.85724450780674,448.35749906628126,458.30322265625,15443031,441.59305572509766,450.7633972167969,445.3796170941308,445.3476116276289,58.330196089146455,-0.9723077628331112,462.5267688453457,420.6593426048496
2024-09-30,455.55037207038873,455.9499884999195,446.2262416478954,453.01953125,8881502,441.11796875,451.24264953613283,446.1072301627508,445.6503529689527,54.41381181319266,-0.26277487964415513,460.5043646555672,421.7315728444328
2024-10-01,454.6623647984267,458.2144145234144,449.46748665563445,451.5543212890625,4743517,440.6251220703125,451.6363275146484,446.6260021632021,445.8832721184106,53.3442000517533,0.17923869155032435,458.3530873584937,422.8971567821313
2024-10-03,443.5622376033541,452.79756205537785,443.5622376033541,446.09307861328125,11285134,440.56740112304686,451.99463439941405,446.5752474139699,445.8915473050423,49.44300076223871,0.08784832799022979,458.216082794989,422.9187194511047
2024-10-04,443.65103039199386,448.13548247455316,438.7225449794889,441.5198059082031,7170285,440.57628326416017,452.1419030761719,446.09377571783216,445.7191561181571,46.38386883384099,-0.34957440429798226,458.2266943909003,422.92587213742
2024-10-07,442.3190455807363,444.49466001416397,422.1167605703834,426.6456298828125,8940891,440.21663970947264,451.9881707763672,444.24156760559043,444.96719187786215,38.12229287171568,-1.8748447247339186,458.67612826393906,421.7571511550062
2024-10-08,426.95639707885135,437.5681572421218,423.093564402673,436.7689514160156,6049075,440.5452056884766,451.75819396972656,443.5298885706454,444.6440478215291,45.267517332153936,-2.240932919295858,458.5068899759263,422.58352140102687
2024-10-09,436.9021463392256,440.4541963094632,431.26326159147527,432.4176940917969,6874313,440.3609451293945,451.40074768066404,442.4715825820002,444.1622272118113,42.97067964201365,-2.8493253036419333,458.57497205873733,422.1469182000517
2024-10-10,433.9717167250745,438.6337823192972,431.6184619356171,433.43890380859375,4700891,440.5452087402344,450.93711975097654,441.61132617180647,443.7397199778547,43.69277180772683,-3.212051037004642,458.3972359579512,422.6931815225176
2024-10-11,432.9060792537058,438.5893536433975,432.86168947018854,437.7457580566406,4364566,440.42532806396486,450.50951293945315,441.2431763284413,443.50359694659323,46.75477089486319,-3.1160665742735887,458.31869221052943,422.5319639174003
2024-10-14,439.521792389863,446.181886059171,437.7457674113808,442.4966125488281,5369297,440.7827545166016,449.8568890380859,441.3625513529862,443.4639353764694,49.98572733667569,-2.6263687984064745,458.54124057843796,423.0242684547652
2024-10-15,442.4965849796426,443.4290142952462,435.1704823998473,439.0777587890625,4279311,440.83603515625,449.415478515625,441.1449518197169,443.2912088236533,47.74064553897605,-2.485501395888946,458.5673244402697,423.10474587223024
2024-10-16,439.5661683883321,443.47341779845266,437.701336799414,440.232177734375,8000451,441.1579391479492,449.30839782714844,441.0580208671675,443.1707646943451,48.580457328279984,-2.254719994907134,458.59752869725355,423.71834959864486
2024-10-17,440.23220159878724,441.56422036308004,432.6397054823144,435.0373229980469,4334990,441.28226165771486,449.2240277099609,440.48462054924187,442.85057477048423,45.070476669804606,-2.462617907635206,458.50879727864486,424.05572603678485
2024-10-18,433.35007927005825,438.4561509008018,429.2208267625853,437.0797424316406,4573163,441.9149703979492,448.6195672607422,440.1603461762925,442.623428290298,46.70096858929062,-2.4345088199686984,457.46665374538964,426.3632870505088
2024-10-21,436.9021476541545,439.34418201604257,428.33283249516364,431.041259765625,4737527,441.66854705810545,448.0358898925781,439.29186111042674,442.1676073489116,42.66835767903427,-2.8664446611659855,457.7368478027359,425.600246313475
2024-10-22,430.68606818331244,432.90609946260787,414.8794563147255,415.9006652832031,8671135,440.2366287231445,447.03774108886716,437.06412667573096,441.1340056011973,34.60073551202299,-4.379986607583078,459.7593728397083,420.71388460658073
2024-10-23,415.90067235555784,422.7383525520672,407.55336002345996,421.0067443847656,10686743,438.89573059082034,446.24458068847656,435.53485124095425,440.3421060185932,38.803141858375994,-5.10857314316894,459.78561834751355,418.0058428341271
2024-10-24,421.0067211927357,429.6204259683787,420.07429183094587,423.803955078125,5045880,437.6502944946289,445.5460504150391,434.4176224196772,439.69150252982047,41.03834584506698,-5.398046377640128,459.01523812820216,416.28535086105563
2024-10-25,424.5587669066958,425.4023624923667,407.5977233264888,409.4625549316406,10330954,435.6322845458984,444.8605059814453,432.04094814132657,438.5024564859249,34.15112368230237,-6.707368765305546,459.49538029145754,411.7691888003393
2024-10-28,401.3816076534618,406.70968209133963,386.50739984771957,392.190673828125,21378247,432.3266571044922,443.6057434082031,428.2456822100181,436.68101398179215,28.0464216182187,-9.03456777512099,460.6176286117849,404.0356855971995
2024-10-29,394.4551659786143,396.5863905728724,389.6598767665446,395.6539611816406,7680865,429.45837860107423,442.2479718017578,425.14170751266397,435.0676043515597,30.720640257376402,-10.478640170278538,460.29357439587,398.62318280627846
2024-10-30,397.8295601901568,404.7560461570437,395.1655229567406,398.85076904296875,7818123,426.82320098876954,440.9079608154297,422.63780768674076,433.6435153541299,33.188982036893506,-11.235605206945309,458.64696053141216,394.9994414461269
2024-10-31,401.3815745788061,403.6016054116535,393.5670768871776,401.42596435546875,8475238,424.58984527587893,439.4844744873047,420.61763145685217,432.37681660690964,35.192105253848936,-11.495199211234706,456.9555439313317,392.22414662042615
2024-11-01,403.73486927784165,408.0861250170197,401.6924514104694,403.2908630371094,3095957,422.6783981323242,438.1577844238281,418.9674625374138,431.2333588955462,36.672846904169674,-11.41881855952164,455.333084537253,390.02371172739544
2024-11-04,406.70970836264274,406.84290481219585,386.72942792998015,393.6559143066406,15720990,421.02891235351564,436.46079223632813,416.5568382375025,429.75621855342007,32.53663429692287,-11.997447080871893,455.96826636580766,386.0895583412236
2024-11-05,395.08305517833975,401.66623250984526,393.1495272933041,400.4232482910156,10186343,419.2116271972656,434.91246704101565,415.02030548167045,428.60326998241453,37.8396685910939,-11.774221164875712,454.4666590337748,383.9565953607564
2024-11-06,403.0933418527128,404.10614484194946,397.0165801138798,401.25189208984375,9130749,417.653337097168,433.49970764160156,413.7090277223934,427.5283055940319,38.47738294212483,-11.39904726765161,453.18972090461546,382.1169532897205
2024-11-07,403.0933752542544,405.4412407554398,400.1930972570686,400.8376159667969,5861077,416.0232727050781,432.16835327148436,412.4831787356118,426.4793981443689,38.26601805441054,-11.008251599953894,451.50457773417037,380.54196767598586
2024-11-08,400.83758828987675,401.4360538514185,387.8553616626377,390.4333801269531,9934413,413.65765380859375,430.6076007080078,410.3831975311186,425.06295661642037,33.31621477657883,-11.406590028725759,449.3386521407046,377.9766554764829
2024-11-11,389.46662359239434,391.9986170081841,384.26453364870304,388.1315612792969,7201246,410.9394012451172,429.04698852539065,408.26399372738837,423.6118394881566,32.320136452053134,-11.772309788075404,445.6893253558166,376.1894771344178
2024-11-12,389.00627193186114,391.1239279716992,380.07522912393034,381.22613525390625,6564348,408.04682006835935,427.4210858154297,405.68895920098396,421.9465378431173,29.473251569255382,-12.47554518231982,442.5766814112832,373.51695872543553
2024-11-13,381.18012758882855,382.5612150076286,373.53812177745283,374.6429748535156,7170870,404.7673599243164,425.68572021484374,402.7321983858542,420.0881539894982,27.02895128010266,-13.409494025336585,438.90349641375605,370.63122343487674
2024-11-14,374.91919154647906,380.5816440773336,370.6838513752167,377.26702880859375,8776485,401.87884521484375,424.28611083984373,400.3069438427466,418.40598756230753,29.537416465439122,-13.779079338687211,435.0436044468383,368.7140859828492
2024-11-18,381.13410563066225,385.3233929285601,378.41795577930276,380.5816650390625,7352509,399.05394134521487,423.07090087890623,398.4283456528392,416.9202142053912,32.68527607272786,-13.647198510663202,429.2346350274354,368.87324766299434
2024-11-19,382.9755103025809,388.54588437239426,378.14170486903805,379.5688171386719,6291292,396.4803192138672,421.9855072021484,396.632199899608,415.45311345736616,32.21172823173755,-13.469146429357409,423.9698891043422,368.99074932339215
2024-11-21,380.30543073639274,381.08805256638806,372.1109842713555,373.8143310546875,14141967,394.3760025024414,420.85784118652344,394.4590693358904,413.8177138031914,29.588801978199612,-13.635199712192332,422.0397566408664,366.7122483640164
2024-11-22,375.1033202620932,382.7913788299912,374.18259535811245,381.22613525390625,8155453,392.38697204589846,419.7603057861328,393.19878979586343,412.537728047635,36.73444702466904,-13.018656510917879,417.7286934454645,367.0452506463324
2024-11-25,387.6251906389077,393.5638776017908,382.74535981079987,384.35662841796875,10903727,390.41460571289065,418.85236572265626,392.3566791257842,411.43102128570376,39.52597562286355,-12.13752313488402,411.44158473684877,369.3876266889325
2024-11-26,385.27737621813196,386.7044886870633,377.22103270381814,378.8783264160156,5798977,388.88539428710936,417.62706481933594,391.0730264003398,410.1527075691761,36.49149529638389,-11.74587266510008,408.5534437747962,369.2173447994225
2024-11-27,386.70448559023805,387.62521055592913,379.9832045800119,384.0804138183594,9219932,388.4798812866211,416.6017114257813,390.4070632567296,409.1289277533077,41.11452090041656,-10.890186576448798,408.19299875616406,368.76676381707813
2024-11-28,386.7044721039797,391.2160186588671,380.7197600357038,382.2850036621094,7788912,387.81143341064455,415.48716857910154,389.63353372889856,408.07490240461885,40.03142678356366,-10.2388961596115,407.41249275459126,368.21037406669785
2024-11-29,382.37705899984974,384.86302759444305,378.41795296965574,383.3898620605469,7057742,387.03838806152345,414.47908386230466,389.0388983022634,407.10569326650324,41.060403967299955,-9.523806460395065,406.04753857799597,368.02923754505093
2024-12-02,385.23130522643413,389.8349298780366,383.7581397182624,388.26971435546875,6404844,386.3805755615234,413.59346069335936,388.9656426849782,406.3661709235086,45.50775555202243,-8.465741624543512,404.2276956872718,368.533455435775
2024-12-03,391.3081279060293,391.76849040944813,386.10603723705566,388.6380310058594,7928558,385.64793395996094,412.8777099609375,388.93444157140766,405.6701752702882,45.83993506516377,-7.510916375061242,401.7786592515519,369.51720866836996
2024-12-04,388.63798760092027,392.1367309968283,382.10083516281327,383.6200256347656,6836472,385.14613952636716,411.8307159423828,388.4283067016079,404.8045380431586,42.07659719001737,-7.077536150795538,400.86841800014275,369.4238610525916
2024-12-05,385.0011114994993,387.8553643105234,379.33865898144956,385.2312927246094,9500273,384.38654174804685,410.6445611572266,388.1238291698158,404.03617052741447,43.67559163291507,-6.528803430590813,398.4650901476399,370.3079933484538
2024-12-06,386.70448559023805,388.0855730387746,383.38987009409107,384.0804138183594,4252732,383.52796783447263,409.36967529296874,387.7387419818455,403.25281872839906,42.767451158266674,-6.116290318329618,395.29179641240415,371.7641392565411
2024-12-09,384.8630144054763,387.57916414358874,379.7990273738253,381.18011474609375,6662023,382.5450927734375,408.0190240478516,387.1141107994517,402.3864009425828,40.482985642801495,-5.954757859293352,391.24573576119906,373.8444497856759
2024-12-10,382.561197603996,384.1264411800809,378.8782979880731,381.22613525390625,6035289,382.08473052978513,406.6470916748047,386.55335120980897,401.55582992584937,40.537261844624666,-5.756669449347783,390.0066222945279,374.16283876504235
2024-12-11,383.0215403812066,386.38218048845044,382.607202956381,383.896240234375,5353413,381.8729644775391,405.15895202636716,386.30029301600666,400.86269028862534,43.74284949478114,-5.322869079018687,389.3509635914786,374.39496536359957
2024-12-12,383.48190697785793,384.7248911675528,374.82709885059734,376.6685485839844,9409378,381.645085144043,403.6319323730469,385.3829840038989,399.9131018341922,37.80217799484172,-5.498905512221938,389.4582961443455,373.83187414374044
2024-12-13,376.6685844138466,378.6481374458802,370.13143161883,377.7734375,9439175,381.8016082763672,402.1563146972656,384.6582652759595,399.04417761341466,39.162382930570914,-5.48602091801564,389.159616808791,374.44359974394337
2024-12-16,377.957615587229,380.12132497456196,374.27471555714635,377.9115905761719,5434635,381.8338363647461,400.7926849365234,384.015724817706,398.2148048572228,39.34101151609998,-5.402386635361438,389.1173863450892,374.550286384403
2024-12-17,377.9115733568309,378.37193583961505,370.13143615846025,370.9600830078125,5070262,381.3527572631836,399.3814904785156,382.7723303409664,397.14519444615365,33.94087303261014,-5.829831756850638,390.0394406185285,372.6660739078387
2024-12-18,371.51250573072025,372.70943688904777,363.2720064460741,364.42291259765625,7176597,380.5954620361328,398.1370361328125,381.0247667226439,395.8610474622489,29.79849948010326,-6.619771508607073,391.9907208343601,369.2002032379055
2024-12-19,359.95741839137037,363.22598061512906,356.32054372130534,360.8781433105469,5745829,379.94865264892576,396.6192199707031,379.1060406598321,394.4882236558675,27.816039636785277,-7.4460048013069695,393.9749229162785,365.922382381573
2024-12-20,361.8448930510676,362.4894117334789,350.33583156725496,351.7169189453125,7923854,378.4731918334961,395.0052044677734,376.4975528485123,392.809807289336,23.47017191787225,-8.739293742941697,397.1040287541094,359.84235491288285
2024-12-23,355.39984425237554,357.7937348333203,352.085228686321,352.5916442871094,5163415,376.88494262695315,393.38825927734376,374.22079962929917,391.23162137210454,24.68019393369974,-9.583182558917429,398.42713094812,355.3427543057863
2024-12-24,354.34096659477973,356.09033820222976,351.164454600976,354.0187072753906,4242999,375.6419616699219,391.7137182617187,372.2967908161882,389.77139972345344,26.715960838619296,-10.021299169988026,399.3414152305202,351.94250810932357
2024-12-26,355.7681142788988,359.35893595635247,354.52512997946985,355.9522705078125,4190081,374.23555450439454,389.98283142089844,370.7401698216277,388.444380796389,29.4965026962294,-10.096105725135146,399.0759946633274,349.3951143454617
2024-12-27,356.7808895637422,357.6555894355384,349.46111555789133,350.3358154296875,5909271,372.6380950927734,388.20799255371094,368.7968979603069,386.94908436175956,26.367038506092186,-10.48769581616773,399.2486332350527,346.02755695049416
2024-12-30,350.33578461873657,351.99307801099377,345.9163168405235,347.94189453125,22328728,370.8656967163086,386.36218688964846,366.81070714415915,385.41856172849515,25.14258694128776,-10.865947317380062,399.05107452203,342.68031891058723
2024-12-31,347.9419414217168,354.2028877326157,346.28464780611415,353.69647216796875,7686615,369.1370346069336,384.73536987304686,365.5617323769093,384.1739105616595,33.17601599364956,-10.579415122895057,397.08052972868086,341.1935394851863
2025-01-01,353.1440253304402,357.3793655041881,352.1772754215418,355.7680969238281,3584876,367.49353790283203,383.1091369628906,364.6290051857579,383.05939989224856,35.845194756753045,-10.06910313674399,394.5069146039834,340.4801612016807
2025-01-02,357.6095736765702,362.7196141325976,353.604414426791,361.79888916015625,7538972,366.40248107910156,381.72428955078124,364.35947032483193,382.2252537005789,42.984941819267874,-9.07344960011801,392.4684355863649,340.33652657183825
2025-01-03,361.8448937962682,367.6454495567378,358.622356574164,362.443359375,7122319,365.2630844116211,380.6551434326172,364.1769835668813,381.44913495846686,43.7059321405538,-8.138567301006162,389.88972008619976,340.63644873704243
2025-01-06,362.8116277661359,362.8116277661359,347.25138291201677,348.72454833984375,8774141,363.4952911376953,379.2094995117188,362.70532306305745,380.16524855599556,33.88337029775097,-8.407740541816963,387.53394896816144,339.45663330722914
2025-01-07,350.3818583898734,353.7885518460564,346.65293368910926,349.6913146972656,6542121,361.9208511352539,377.72724670410156,361.4658936903067,378.96968299682663,34.99213659241812,-8.4456955875375,385.23395862667667,338.6077436438311
2025-01-08,349.9214890580752,351.7629388688759,346.19256443052166,350.1977233886719,7407778,360.3694305419922,376.54195007324216,360.3927346103725,377.8409088379376,35.60135128378154,-8.338787929029309,382.43344883717134,338.30541224681303
2025-01-09,351.3025724277932,351.3025724277932,341.4047798071107,342.6938171386719,6247612,358.309309387207,375.5520129394531,358.7071234174925,376.4620492693357,30.9699175300307,-8.75860165322905,378.8428870982838,337.7757316761302
2025-01-10,341.9572365950045,343.6145583435519,335.7883963650257,339.2871398925781,4893721,356.4402389526367,374.4246765136719,356.8576011719625,375.00365865378745,29.117931254029926,-9.259460144490163,376.7530519074903,336.1274259977831
2025-01-13,337.0774040267743,341.0365100044751,332.61188247629167,334.1310729980469,8661589,354.25812072753905,373.1302825927734,354.6931699119442,373.40023008295395,26.531875397412435,-9.957659909634685,374.3101160250472,334.2061254300309
2025-01-14,336.0646105684295,344.3511352125825,334.2231606475066,339.9776916503906,5698113,352.36142578125,371.90131713867186,353.2916957886564,372.0890849966175,33.7202269014974,-9.924807982314405,370.1541634088223,334.56868815367767
2025-01-15,342.41759590240724,351.2105358442983,340.0237054643633,344.903564453125,11117714,351.0585998535156,370.7335711669922,352.49282613603407,371.02262877706335,39.12448530581077,-9.39301894978189,366.92472791562926,335.19247179140194
2025-01-16,348.4483660329622,351.25656587072325,345.0876975112639,348.816650390625,6923722,350.2782867431641,369.8367858886719,352.14271415963873,370.1515256317923,43.09397107994679,-8.557177166318752,364.92693043249017,335.629643053838
2025-01-17,349.87546639385977,358.43819683207596,348.540404032776,356.91900634765625,8380692,350.08032989501953,368.96670104980467,352.5975991306809,369.63244273511026,50.31782304428466,-7.158455895906968,364.24982014009197,335.9108396499471
2025-01-20,358.71444260679147,360.00345190443727,352.31539302799547,356.3665771484375,14597375,350.3128128051758,368.0689947509766,352.95654941862523,369.11205805032336,49.85314398696502,-6.025082233887872,364.73245069083225,335.8931749195193
2025-01-21,357.2412687570535,358.7604592545315,350.7961943207149,351.3025817871094,20854879,350.2483596801758,367.0782940673828,352.7990286916002,368.4134477272664,45.68795833018261,-5.47241495219663,364.63817044596,335.8585489143916
2025-01-22,351.25651077861187,353.4662446763028,344.9495402865199,349.13885498046875,10653690,350.0043670654297,366.2524035644531,352.45044071868307,367.6573739136372,43.996528325853944,-5.149654804937541,364.29532995212355,335.7134041787358
2025-01-23,347.5736321630287,357.42539933385416,346.3767010929102,355.21563720703125,5844752,349.9675354003906,365.5940850830078,352.71379276548527,367.1693340256505,49.635883286901844,-4.353336964311438,364.20067104115617,335.73439975962503
2025-01-24,355.44582943095554,361.15433493825816,351.4406986731814,352.68365478515625,5351964,350.0849273681641,365.02323547363284,352.7109224816415,366.6011242697668,47.4900839075807,-3.881812046314508,364.36692168053185,335.8029330557963
2025-01-27,350.70413024922806,352.6376582771956,343.200227474738,345.96240234375,6645109,349.98595275878904,364.4496240234375,352.0682062774478,365.7915656391724,42.266550569260275,-4.0043148033656735,364.35316202895234,335.61874348862574
2025-01-28,346.19257715990807,347.66574268237525,338.5965964110537,341.2666931152344,10866038,349.36446380615234,363.7296173095703,351.03949073734225,364.82958103619006,39.03609705811923,-4.4292460209555315,364.1063502196624,334.6225773926423
2025-01-29,342.9700002444945,354.4790606553836,341.40475678929675,349.3690490722656,6680927,349.04451141357424,363.10536499023436,350.8804010548355,364.22314945108974,46.617665469974476,-4.06535181570348,363.4913947341572,334.5976280929913
2025-01-30,351.44074024369195,356.6428308222896,350.2437808966193,354.525146484375,6300164,348.68082427978516,362.60449157714845,351.22751966740657,363.8427535171143,50.81001481681586,-3.3226081084492876,362.1588065534328,335.20284200613753
2025-01-31,354.5718614204387,370.87563825853215,350.04043667202234,369.89459228515625,10339434,349.05338592529296,362.52609680175783,353.0053361082766,364.0801297461808,60.7141732146716,-1.4767692641457302,364.32506276831464,333.7817090822713
2025-02-01,369.8946011608105,373.2114302270839,354.15141757074764,359.9908752441406,7015540,349.6167022705078,362.1013916015625,353.67062555015457,363.91973487179825,53.27102543605335,-0.8038100559074337,365.6122929150261,333.6211116259895
2025-02-03,358.77623663101605,358.91637789585536,342.42575709705045,349.43310546875,7689700,349.60379180908205,361.4029211425781,353.2670522088669,363.35152300182375,46.698554938117304,-1.1096178371660699,365.5995375404077,333.6080460777564
2025-02-04,352.70322170974623,355.69303525923084,350.27400176491193,351.81561279296875,4649921,349.6846862792969,360.8616668701172,353.12881988348084,362.89905115898324,48.250202153985384,-1.146508046337999,365.7079688802087,333.6614036783851
2025-02-05,353.1703579105651,359.8039867379349,353.0769208963538,357.7017822265625,5914200,350.4350845336914,360.33409423828124,353.5643401068095,362.6952006740898,51.970242062918,-0.6927930355012677,366.48418140439276,334.38598766299003
2025-02-06,357.65506822390086,359.38355328207007,352.42293730929936,354.665283203125,4652107,351.20399169921876,359.78169982910157,353.6691918303069,362.38024848520445,49.97446439058797,-0.5716510769091201,366.49883460984296,335.90914878859456
2025-02-07,354.57188327786787,357.8419796980853,351.30178685765037,353.40399169921875,3006598,352.16763763427736,359.181982421875,353.6439346749567,362.0281809938708,49.130478050056134,-0.5708405902677214,365.31635829876365,339.01891696979106
2025-02-10,352.23606042694627,354.89885862879004,344.761555165897,346.16302490234375,3380494,352.476904296875,358.3398486328125,352.93146707734934,361.40592050078004,44.48561767289038,-1.141327268686723,364.72428727579734,340.2295213179526
2025-02-11,345.6959027898677,346.1630594152594,334.01698715507484,335.41845703125,6803431,352.0026489257813,357.2754571533203,351.2635613582164,360.38665082884233,38.64694739101119,-2.43239971279246,365.99642420443234,338.0088736471302
2025-02-12,336.25929621342794,338.0344854917734,328.457775726174,336.67974853515625,4565992,351.3958038330078,356.33665161132814,349.8746268032951,359.4568338859713,39.64831814475003,-3.3155882061500392,366.86450903499195,335.9270986310236
2025-02-13,338.2213634526744,343.40679007831966,335.0447044156586,337.89434814453125,3712240,350.44457092285154,355.38991271972657,348.733647883157,358.61112867416847,40.652843703911884,-3.8728693850281957,366.75463445327495,334.13450739242813
2025-02-14,339.9965672562123,341.02431747723205,327.4767760979995,330.9337463378906,4464446,349.17292938232424,354.3269793701172,347.03841916421635,357.52559618117397,36.86585301397145,-4.820612112200081,367.30219597493397,331.0436627897145
2025-02-17,330.9337551933043,338.2213869319512,326.3088933314474,336.4461975097656,6017586,348.430110168457,353.43230102539064,346.0296361493216,356.6988470300092,41.5125925259538,-5.068470142715626,367.3496778856674,329.51054245124664
2025-02-18,336.5863517085322,338.5484152559242,330.5600197800377,337.3805236816406,3843725,347.8421936035156,352.5553887939453,345.20591115226284,355.94117232990874,42.28792705646689,-5.130367421941855,367.3584859645404,328.32590124249083
2025-02-19,336.3527390769725,341.30458744152685,334.48411274876713,338.50164794921875,3097726,347.006494140625,351.6474969482422,344.5674098947341,355.2571884101912,43.25990571786283,-5.030962301164834,366.6194418451657,327.39354643608436
2025-02-20,336.352717005726,345.1819872323155,336.352717005726,343.780517578125,4624287,346.56133728027345,350.989736328125,344.4924677693326,354.80707167140054,47.724292773765896,-4.474641483422033,366.0423642937389,327.080310266808
2025-02-21,343.4067954952222,346.8170613886836,341.30459085496665,345.649169921875,5235241,346.54567565917966,350.3472509765625,344.6026298791121,354.4478990041171,49.246623401239056,-3.8387182457070708,366.02910702021506,327.06224429814426
2025-02-24,343.8739198730374,344.294372166897,337.42716528268323,340.83740234375,4533486,346.52421112060546,349.60576721191404,344.2440367804663,353.9140979695155,45.56686713572483,-3.680586419020642,366.03178914052853,327.0166331006824
2025-02-25,340.08998321216296,341.398015906538,335.13813497168104,337.42718505859375,4525493,345.9271179199219,348.9351092529297,343.59481280688925,353.26748711210354,43.10838829786125,-3.786790082751452,365.77786287023844,326.07637296960536
2025-02-27,335.4184349485772,343.6403796089788,332.75563665655744,339.9498596191406,6196610,345.19835357666017,348.4456481933594,343.24767440802447,352.7451765682144,45.452902199583235,-3.6256047821806874,364.80161834379265,325.5950888095277
2025-02-28,342.7060767172789,351.0681914177152,341.3046068912601,345.0885925292969,21899478,343.9580535888672,348.1298571777344,343.4229999433982,352.4448903972234,49.97529816438101,-3.0480751574796727,359.96293351717395,327.9531736605604
2025-03-03,345.6958647094428,346.63017785730614,329.25194760445277,336.67974853515625,12675744,342.792497253418,347.82911376953126,342.78078552351775,351.8265942007748,43.60450852354446,-3.231649756947604,357.2806498644345,328.3043446424015
2025-03-04,332.7089324022841,342.42578386811573,329.4388362398328,339.9498596191406,5535218,342.3183349609375,347.5762780761719,342.5111735326065,351.3607998485479,46.46278690861102,-3.0777845303787217,356.5241024098196,328.11256751205536
2025-03-05,338.2680685298982,344.66811938524927,338.2680685298982,344.0608215332031,5730797,341.9305953979492,347.37712036132814,342.65875905648187,351.074502535117,49.900422474156365,-2.594220402111773,355.4867768508525,328.37441394504594
2025-03-06,345.7425540749955,358.9163745952381,343.920660622892,357.46820068359375,11247215,341.9189163208008,347.4074389648438,344.0691820686656,351.3252557007302,59.11981052380139,-1.1162613334713,355.42102277818583,328.4168098634158
2025-03-07,357.4682233501335,364.0084155182797,354.4784098109337,355.64630126953125,8321771,341.9679672241211,347.51364868164063,345.1717648497555,351.4947213928505,57.56947572827697,-0.09093197274125941,355.66072080360453,328.27521364463763
2025-03-10,355.6930233881083,361.2054652050806,349.4798182039795,350.507568359375,5541001,341.8231460571289,347.5649621582031,345.67993661259936,351.45600667230286,53.32214205201832,0.3034976016386963,355.08346408716346,328.5628280270943
2025-03-11,346.63018804883137,355.0390066268353,343.82724852283,354.1513977050781,5340552,342.2225646972656,347.5740606689453,346.48674243096366,351.5617157236635,55.81167735971996,0.8997408045664201,356.4291878469839,328.01594154754736
2025-03-12,354.6185711860185,357.7018219192847,349.2462701719243,355.69305419921875,3951912,343.2362945556641,347.57255981445314,347.3635340279728,351.72373995687053,56.86001606850735,1.4796106034917784,358.22793188029203,328.2446572310361
2025-03-13,356.4404973357016,357.84196718105824,352.56310313281034,353.45068359375,3918004,344.07484130859376,347.405595703125,347.94326255806624,351.7914676383328,54.82269740328602,1.7381843224016507,359.3786198154283,328.77106280175923
2025-03-17,355.2258890772882,361.62591166946885,354.151406089835,360.41131591796875,5456361,345.2006896972656,347.36495483398437,349.13069621142625,352.12952201260066,59.65513483757303,2.47622631809611,361.77995022334153,328.6214291711897
2025-03-18,360.41131591796875,360.41131591796875,360.41131591796875,360.41131591796875,0,346.67456817626953,347.5986901855469,350.2050409454121,352.45431772938736,59.65513483757303,3.026245245570692,363.15929152697476,330.1898448255643
2025-03-19,364.4288665108529,371.9033724032471,363.26097496516627,369.847900390625,5827114,348.3446533203125,348.00182189941404,352.0757894640502,353.1364583284954,65.46356707739274,4.175460599723408,366.97436395362547,329.7149426869995
2025-03-20,371.5763490494005,371.95006860468266,366.2974569715083,370.3617248535156,7025398,349.99371337890625,348.40510192871096,353.81730712022886,353.8119963872742,65.75268948970667,5.0692482491651845,370.21984454644536,329.76758221136714
2025-03-21,370.36174997505566,384.0961655388271,369.14715420975944,378.77056884765625,16564019,352.0071594238281,349.12663696289064,356.19380823717495,354.79081601522716,70.15589574582083,6.382530991147348,375.0742028119409,328.94011603571533
2025-03-24,381.1530989873329,384.75018216344745,378.443567771538,379.3311767578125,5260300,353.7846923828125,349.9275177001953,358.3973671439428,355.7532323027335,70.42886775777906,7.383441679366399,379.38224801670185,328.1871367489232
2025-03-25,381.199781726138,381.4333600237643,371.015773652226,372.1369323730469,5636291,355.1090805053711,350.6876348876953,359.705897165784,356.39576190327654,62.52525437206303,7.509589342526908,381.610824527656,328.60733648308616
2025-03-26,372.32382216290483,376.014370826674,367.3252406797033,368.8668518066406,5025274,356.51055297851565,351.26541809082033,360.57836903635484,356.8848473323749,59.26941072818025,7.261982488223964,382.8089375406255,330.2121684164058
2025-03-27,367.41866285024565,373.39826157801684,366.29747561436164,370.7821960449219,7697174,358.17830352783204,351.7829907226562,361.550162084803,357.42986611037014,60.56469862551941,7.138021872228705,383.64161902144366,332.7149880342204
2025-03-28,370.92233085008235,375.50045970961673,367.65223473427557,372.04351806640625,6923988,359.7829864501953,352.2475280761719,362.54952932115845,358.00297546625217,61.43447711002246,7.0601750338069,384.4826627269319,335.08331017345876
2025-04-01,371.6697738436107,376.10776147541515,369.10041258309235,371.5296325683594,4332950,361.10503845214845,352.53974060058596,363.40477724947283,358.5334548097244,60.84566302347534,6.877732370996284,385.34332260463503,336.86675429966186
2025-04-02,375.2201856603389,375.2201856603389,365.7836166669738,371.3894958496094,4197123,362.8405258178711,352.8401989746094,364.16522663996966,359.0376335558201,60.67487979641191,6.645235248825543,384.6873060922403,340.99374554350186
2025-04-03,369.0537244666514,373.72529059914064,367.371972064146,370.96905517578125,4970602,364.3914855957031,353.2335284423828,364.81321031005285,359.5055505207945,60.12957267730059,6.353810780280128,383.7842157162122,344.998755475194
2025-04-04,369.98806624355507,369.98806624355507,357.4682737449801,359.75732421875,6718760,365.17631072998046,353.4458978271484,364.3316973489724,359.51542436566075,47.794024081053166,5.158695570114958,382.3589208242127,347.9937006357482
2025-04-07,335.2782818878896,354.4784058473585,332.6154836894661,352.7032165527344,10202400,364.9380615234375,353.3956494140625,363.22422298741765,359.24826943338905,41.9612769728232,3.600842351527149,382.6650934940237,347.2110295528513
2025-04-08,359.71054972372366,360.1777062818064,351.9090295011469,357.7017822265625,3577328,365.04083557128905,353.49601196289063,362.698276248285,359.18762079810165,46.90590653324914,2.7380128197592057,382.5739698705466,347.5077012720315
2025-04-09,357.18793870565736,357.5616868104266,348.59227404253124,349.9937438964844,5781453,365.01514434814453,353.57663879394534,361.48832078620137,358.8270647357366,41.09213729792706,1.4159181025015641,382.6346784113208,347.39561028496826
2025-04-11,364.33544010633,366.9982098893543,357.04778011133106,366.3442077636719,6185984,365.6247848510742,354.07818908691405,361.9507862126297,359.12186398311405,54.090851363336405,1.6682635971608306,382.52775554026766,348.72181416188073
2025-04-15,372.79093617506226,372.79093617506226,367.65221399721054,369.2872619628906,4371156,366.3044952392578,354.47655334472654,362.6494981888485,359.5205191563958,55.974019207229304,2.0817321846844266,382.6390379706363,349.96995250787927
2025-04-16,369.2873136344819,373.8187386188668,366.7179521860446,373.0245666503906,4992290,367.28318939208987,354.8465417480469,363.63759994709505,360.0501051094855,58.312534484868124,2.680083934200809,382.7419634202781,351.8244153639016
2025-04-17,370.8288957633122,373.3048199898797,362.7937967056987,372.65081787109375,8364450,367.8951644897461,354.90166625976565,364.496001654146,360.5442645708753,57.980852617492204,3.0885210554540663,383.18546855679597,352.6048604226962
2025-04-21,373.02455232503564,379.33116654718714,369.6610190372928,374.19244384765625,8987570,368.58422088623047,355.1856976318359,365.41947233924566,361.0795017140453,59.01636246649005,3.49630353826484,383.70453011474666,353.4639116577143
2025-04-22,376.99539606433495,379.1443051323731,368.3997027662273,372.4172668457031,7558174,368.7126892089844,355.645380859375,366.0859289589105,361.52413146879235,57.2663003982515,3.6343377620972888,383.9171887342456,353.5081896837232
2025-04-23,373.72528015051716,375.2201869737145,368.1194009482594,372.7442626953125,7429142,368.8318161010742,356.0639538574219,366.72005598142687,361.96414756288794,57.51621376766843,3.727152418207254,384.1232154546892,353.5404167474592
2025-04-24,372.69753508513753,374.93988109447645,370.78220440305097,373.58514404296875,5762303,368.57254486083986,356.38162109375,367.37387389205173,362.4198838094655,58.19329702985689,3.8244746361326065,383.3482367891655,353.7968529325142
2025-04-25,374.0055594520629,377.4625296685744,364.0551296572068,367.3252258300781,7337588,367.9722473144531,356.63481994628904,367.3692407432923,362.6122545815174,51.60020802150306,3.357773785488803,381.9021135118716,354.0423811170346
2025-04-28,367.32521680524684,372.6040805091616,365.8303100317818,371.0624694824219,3458518,367.91852416992185,356.9879895019531,367.7209768136864,362.9436428707513,54.88638565350002,3.2519874413195566,381.7919016193743,354.0451467204694
2025-04-29,371.06250051993936,374.0523143169524,362.9339923749598,363.5412902832031,6274213,367.65224609375,357.33555480957034,367.32291142983,362.96708052109597,47.84577482961775,2.5320666094393687,381.6465004875386,353.6579916999614
2025-04-30,363.54128261734974,364.7091741520283,357.9354032508924,359.9908752441406,4559122,367.11268005371096,357.82700317382813,366.6246222692869,362.8503642111385,44.91669397011315,1.6559466199848316,381.4114434027386,352.8139167046833
2025-05-02,360.1777389506473,365.269757300795,356.3470491243228,358.3091125488281,5045851,366.425959777832,358.25959045410156,365.8326689625752,362.67227242516566,43.55646910675417,0.816498930387354,381.0275426311873,351.8243769244767
2025-05-05,360.5981945250604,362.4200881753618,356.6740676409129,360.27117919921875,6395704,365.863037109375,358.70712707519533,365.30300327082614,362.5781101358912,45.625339152251634,0.3060253003306457,380.5022127591296,351.2238614596204
2025-05-06,361.1120761183028,362.1865306680644,352.60981972314175,353.40399169921875,5982166,364.9637619018555,359.1565319824219,364.16976407352865,362.21833428557676,40.08707978097189,-0.6452157237915799,380.32631030288235,349.60121350082864
2025-05-07,345.97615181775944,361.85947554120025,345.97615181775944,358.1222229003906,9162368,364.32142028808596,359.59005249023437,363.59380777132435,362.05769967826717,45.02472197722783,-1.0067540289358021,379.7001752474223,348.9426653287496
2025-05-08,364.38215623131,369.007018080975,357.1412287677391,360.13104248046875,14258083,364.34010620117186,360.0450628662109,363.2640206007663,361.98214323396854,47.02644793316908,-1.1182898396388055,379.6975267558747,348.982685646469
2025-05-09,354.1981195741831,358.07551342992923,352.2827605158926,357.2813415527344,3809943,364.5690124511719,360.42065673828125,362.6942416438103,361.79779511615027,44.548385792904696,-1.4202579722921769,379.3515212146828,349.78650368766097
2025-05-12,366.2040735378993,370.0814676512264,362.0463683541897,369.5208740234375,6743279,365.15996704101565,360.9354638671875,363.3443971085373,362.1006656182969,55.41529708512884,-0.6642844549440952,379.74071024734326,350.57922383468804
2025-05-13,369.52086297209473,373.3515527156142,368.16609745487034,369.19384765625,6307140,366.1199722290039,361.406357421875,363.9014876368913,362.37883373420544,55.10456782283327,-0.09051489138499846,379.010403031528,353.2295414264798
2025-05-14,370.6887787941976,377.50925405617147,370.40849622676535,376.6216735839844,6822756,366.6338455200195,362.1220428466797,365.1129339175678,362.9373844110229,60.51956295520548,0.9525842981331607,380.314270703201,352.95342033683806
2025-05-15,377.22894805571013,379.7048722908181,373.3515540445438,378.06982421875,10511989,367.0729736328125,362.9348956298828,366.34692347006217,363.53082152575416,61.494672572133936,1.8744935793251898,381.60331764768523,352.5426296179397
2025-05-16,379.3311481500301,382.13408766838006,377.0888022379452,378.2099609375,4702603,367.33224334716795,363.70009765625,367.4767365621998,364.1064816034117,61.593527607591156,2.5866044230160696,382.45124527874395,352.21324141559194
2025-05-19,379.28444260590027,380.68591236030613,374.7062852644609,376.2479248046875,5446656,367.51209869384763,364.32328430175784,368.31208782338956,364.58262263214607,59.29812598683001,2.9585333478142957,382.9618642519771,352.0623331357182
2025-05-20,378.8640232531828,389.8422039516412,377.46255337678383,381.2932434082031,18755291,367.867138671875,365.21555419921873,369.5483883552772,365.23794902971133,63.10570640175698,3.618690731935885,384.21491007687,351.51936726688
2025-05-21,384.6100389508657,386.38522840153536,377.6961266881129,378.723876953125,7393102,368.1824691772461,365.99103454589846,370.4222444122155,365.76681510149626,60.02608833773584,3.8897057090399585,385.1024253397591,351.2625130147331
2025-05-22,378.39683823051763,379.93844927626907,367.37195410207795,372.65081787109375,7936875,368.1777969360352,366.5628344726563,370.63448950353734,366.0367790122069,53.393503900189735,3.5732516964205274,385.09276265316504,351.2628312189053
2025-05-23,373.9121437804869,376.5282092634797,372.79095656607547,375.1267395019531,4178408,368.2548767089844,366.91600524902344,371.06232283671994,366.3932518795765,55.54990483239693,3.4821062417425424,385.28138486703017,351.2283685509386
2025-05-26,376.1077550188668,379.14427282007955,375.36031588837375,376.2479248046875,6067873,368.70101165771484,367.3280377197266,371.55618969081223,366.7797136292151,56.530727765839444,3.460453146224438,386.07083456719783,351.33118874823185
2025-05-27,376.0610454935088,377.0420629026498,372.1369188309953,373.6785583496094,6553758,368.8318161010742,367.79145751953126,371.75832003926917,367.0502592416864,53.61123715340502,3.19908940094075,386.3098653715052,351.35376683064317
2025-05-28,374.6595835538615,375.4537554560097,370.45517426210995,372.04351806640625,6002200,369.2569274902344,368.1492999267578,371.78548175613935,367.2460751784821,51.778667595637934,2.8274298126602275,386.6127449801641,351.90111000030464
2025-05-29,373.72527037791673,374.84645759424063,370.92233085008235,372.04351806640625,7724668,369.8595596313477,368.47630920410154,371.81005664283146,367.43421191550686,51.778667595637934,2.504022103179352,386.7163924096639,353.00272685303145
